{"cameraMode":{"drawMode":0,"name":"Shaded","section":"Shading Mode"},"sceneLighting":false,"audioPlay":false,"sceneViewState":{"m_AlwaysRefresh":false,"showFog":true,"showSkybox":false,"showFlares":true,"showImageEffects":true,"showParticleSystems":true,"showVisualEffectGraphs":true,"m_FxEnabled":true},"in2DMode":false,"pivot":{"x":0.5650061964988709,"y":0.7188681960105896,"z":0.1897134780883789},"rotation":{"x":-0.0042204284109175209,"y":-0.9724041819572449,"z":0.020281732082366945,"w":-0.23280441761016847},"size":1.0632323026657105,"orthographic":false}