{"cameraMode":{"drawMode":0,"name":"Shaded","section":"Shading Mode"},"sceneLighting":false,"audioPlay":false,"sceneViewState":{"m_AlwaysRefresh":false,"showFog":true,"showSkybox":false,"showFlares":true,"showImageEffects":true,"showParticleSystems":true,"showVisualEffectGraphs":true,"m_FxEnabled":true},"in2DMode":false,"pivot":{"x":-5.960464477539063e-8,"y":0.1900433450937271,"z":0.004341155290603638},"rotation":{"x":0.00646834634244442,"y":-0.989572286605835,"z":-0.04179196432232857,"w":-0.1383923441171646},"size":0.7030133008956909,"orthographic":false}