{"cameraMode":{"drawMode":0,"name":"Shaded","section":"Shading Mode"},"sceneLighting":false,"audioPlay":false,"sceneViewState":{"m_AlwaysRefresh":false,"showFog":true,"showSkybox":false,"showFlares":true,"showImageEffects":true,"showParticleSystems":true,"showVisualEffectGraphs":true,"m_FxEnabled":true},"in2DMode":false,"pivot":{"x":-0.11285758018493653,"y":1.21150803565979,"z":0.07924032211303711},"rotation":{"x":-0.03011179529130459,"y":-0.9664477109909058,"z":0.1385071873664856,"w":-0.21466174721717835},"size":11.312076568603516,"orthographic":false}