{"cameraMode":{"drawMode":0,"name":"Shaded","section":"Shading Mode"},"sceneLighting":false,"audioPlay":false,"sceneViewState":{"m_AlwaysRefresh":false,"showFog":true,"showSkybox":false,"showFlares":true,"showImageEffects":true,"showParticleSystems":true,"showVisualEffectGraphs":true,"m_FxEnabled":true},"in2DMode":false,"pivot":{"x":0.5807714462280273,"y":0.6321349143981934,"z":-0.19818362593650819},"rotation":{"x":0.01723834127187729,"y":-0.983298659324646,"z":0.13470134139060975,"w":0.12201568484306336},"size":0.6738882660865784,"orthographic":false}