{"cameraMode":{"drawMode":0,"name":"Shaded","section":"Shading Mode"},"sceneLighting":false,"audioPlay":false,"sceneViewState":{"m_AlwaysRefresh":false,"showFog":true,"showSkybox":false,"showFlares":true,"showImageEffects":true,"showParticleSystems":true,"showVisualEffectGraphs":true,"m_FxEnabled":true},"in2DMode":false,"pivot":{"x":0.6532182097434998,"y":0.32173287868499758,"z":1.0685749053955079},"rotation":{"x":-0.17959491908550263,"y":-0.7392719388008118,"z":0.21786139905452729,"w":-0.6115251779556274},"size":0.8745745420455933,"orthographic":false}