{"cameraMode":{"drawMode":0,"name":"Shaded","section":"Shading Mode"},"sceneLighting":false,"audioPlay":false,"sceneViewState":{"m_AlwaysRefresh":false,"showFog":true,"showSkybox":false,"showFlares":true,"showImageEffects":true,"showParticleSystems":true,"showVisualEffectGraphs":true,"m_FxEnabled":true},"in2DMode":false,"pivot":{"x":1.5969315767288209,"y":1.8178094625473023,"z":0.39266708493232729},"rotation":{"x":0.032512351870536807,"y":-0.8176242709159851,"z":-0.04531673714518547,"w":-0.5732101202011108},"size":2.0229969024658205,"orthographic":false}