{"cameraMode":{"drawMode":0,"name":"Shaded","section":"Shading Mode"},"sceneLighting":false,"audioPlay":false,"sceneViewState":{"m_AlwaysRefresh":false,"showFog":true,"showSkybox":false,"showFlares":true,"showImageEffects":true,"showParticleSystems":true,"showVisualEffectGraphs":true,"m_FxEnabled":true},"in2DMode":false,"pivot":{"x":3.488492965698242,"y":-0.48346877098083498,"z":-2.2518112659454347},"rotation":{"x":-0.06711392849683762,"y":-0.9099593758583069,"z":0.16408875584602357,"w":-0.37517234683036806},"size":4.267669677734375,"orthographic":false}