{"cameraMode":{"drawMode":0,"name":"Shaded","section":"Shading Mode"},"sceneLighting":false,"audioPlay":false,"sceneViewState":{"m_AlwaysRefresh":false,"showFog":true,"showSkybox":false,"showFlares":true,"showImageEffects":true,"showParticleSystems":true,"showVisualEffectGraphs":true,"m_FxEnabled":true},"in2DMode":false,"pivot":{"x":-0.00016449391841888428,"y":0.9410321712493897,"z":-0.0063447654247283939},"rotation":{"x":-0.018686041235923768,"y":-0.9778330326080322,"z":0.10284251719713211,"w":-0.18199871480464936},"size":0.32238611578941347,"orthographic":false}