{"cameraMode":{"drawMode":0,"name":"Shaded","section":"Shading Mode"},"sceneLighting":false,"audioPlay":false,"sceneViewState":{"m_AlwaysRefresh":false,"showFog":true,"showSkybox":false,"showFlares":true,"showImageEffects":true,"showParticleSystems":true,"showVisualEffectGraphs":true,"m_FxEnabled":true},"in2DMode":false,"pivot":{"x":0.0009168088436126709,"y":0.41903817653656008,"z":-0.012748032808303833},"rotation":{"x":-0.0042204284109175209,"y":-0.9724041819572449,"z":0.020281732082366945,"w":-0.23280441761016847},"size":0.6900068521499634,"orthographic":false}