{"cameraMode":{"drawMode":0,"name":"Shaded","section":"Shading Mode"},"sceneLighting":false,"audioPlay":false,"sceneViewState":{"m_AlwaysRefresh":false,"showFog":true,"showSkybox":false,"showFlares":true,"showImageEffects":true,"showParticleSystems":true,"showVisualEffectGraphs":true,"m_FxEnabled":true},"in2DMode":false,"pivot":{"x":0.0919198989868164,"y":2.284062147140503,"z":0.25266900658607485},"rotation":{"x":-0.39422446489334109,"y":-0.07897233963012696,"z":0.03400389477610588,"w":-0.9150046706199646},"size":8.164999008178711,"orthographic":false}