{"cameraMode":{"drawMode":0,"name":"Shaded","section":"Shading Mode"},"sceneLighting":false,"audioPlay":false,"sceneViewState":{"m_AlwaysRefresh":false,"showFog":true,"showSkybox":false,"showFlares":true,"showImageEffects":true,"showParticleSystems":true,"showVisualEffectGraphs":true,"m_FxEnabled":true},"in2DMode":false,"pivot":{"x":-0.022962331771850587,"y":2.321810483932495,"z":-0.09045612812042237},"rotation":{"x":-0.39422446489334109,"y":-0.07897233963012696,"z":0.03400389477610588,"w":-0.9150046706199646},"size":8.395062446594239,"orthographic":false}