{"cameraMode":{"drawMode":0,"name":"Shaded","section":"Shading Mode"},"sceneLighting":false,"audioPlay":false,"sceneViewState":{"m_AlwaysRefresh":false,"showFog":true,"showSkybox":false,"showFlares":true,"showImageEffects":true,"showParticleSystems":true,"showVisualEffectGraphs":true,"m_FxEnabled":true},"in2DMode":false,"pivot":{"x":-1.192061424255371,"y":-0.36694666743278506,"z":-1.0998766422271729},"rotation":{"x":-0.10388024896383286,"y":-0.8957437872886658,"z":0.30818018317222597,"w":-0.30344825983047488},"size":3.2711262702941896,"orthographic":false}