{"cameraMode":{"drawMode":0,"name":"Shaded","section":"Shading Mode"},"sceneLighting":false,"audioPlay":false,"sceneViewState":{"m_AlwaysRefresh":false,"showFog":true,"showSkybox":false,"showFlares":true,"showImageEffects":true,"showParticleSystems":true,"showVisualEffectGraphs":true,"m_FxEnabled":true},"in2DMode":false,"pivot":{"x":154.20516967773438,"y":172.07815551757813,"z":61.80944061279297},"rotation":{"x":-0.3628632128238678,"y":0.02538297511637211,"z":-0.009482762776315213,"w":-0.9316200017929077},"size":650.2390747070313,"orthographic":false}