{"cameraMode":{"drawMode":0,"name":"Shaded","section":"Shading Mode"},"sceneLighting":false,"audioPlay":false,"sceneViewState":{"m_AlwaysRefresh":false,"showFog":true,"showSkybox":false,"showFlares":true,"showImageEffects":true,"showParticleSystems":true,"showVisualEffectGraphs":true,"m_FxEnabled":true},"in2DMode":false,"pivot":{"x":-2.980232238769531e-7,"y":0.4297669529914856,"z":-0.057888180017471316},"rotation":{"x":-0.0042204284109175209,"y":-0.9724041819572449,"z":0.020281732082366945,"w":-0.23280441761016847},"size":0.6477184891700745,"orthographic":false}