{"cameraMode":{"drawMode":0,"name":"Shaded","section":"Shading Mode"},"sceneLighting":false,"audioPlay":false,"sceneViewState":{"m_AlwaysRefresh":false,"showFog":true,"showSkybox":false,"showFlares":true,"showImageEffects":true,"showParticleSystems":true,"showVisualEffectGraphs":true,"m_FxEnabled":true},"in2DMode":false,"pivot":{"x":0.002209007740020752,"y":0.5673961043357849,"z":0.0886266827583313},"rotation":{"x":0.0013581468956544996,"y":-0.9877896904945374,"z":-0.004638713784515858,"w":-0.15634217858314515},"size":1.0126607418060303,"orthographic":false}